ID,is_interesting,news,category
005503512f38f130303cb133d656203b,1,"What 2020 holds for Scottish politics. After a tumultuous 2019, what does the new year have in prospect for Scottish politics?",BBC News - UK Politics
007b36b1081c3dddafe8869961ded463,1,London council's special needs inquiry caused by 'systemic failures'. The cases of all children with suspected special educational needs in Richmond are going to be reviewed.,BBC News - Family & Education
0090dbe2404af0f2ee72ac4ea1a7376a,1,"'Resistant' trees planted in Hampshire in ash dieback fight. Scientists have identified 3,000 ash trees with suspected resistance to a deadly disease.",BBC News - Science & Environment
00d684e0145b5fb5f15adbcb5fc23ee4,0,Primary league tables: How did your school do?. New primary school league table data for England has been published by the Department for Education.,BBC News - Family & Education
01ed4160c0609908173d1fa04fc77cf8,0,"The problem with celebrating tennis' most successful player. Margaret Court was a quiet champion, unrivalled in sport but shy in public. Now she is at the centre of a polemic set to play out its latest chapter.",BBC News - Home
043d4121f98949800bfd5332c83de874,0,"Sheffield students paid to tackle racist language on campus. The students will be trained to tackle ""subtle but offensive comments"" on campus and in student housing.",BBC News - Family & Education
06113c818fdff9e1076d7ce19c60709a,1,"Climate change: Can Glasgow go carbon neutral?. As more cities declare climate emergencies, we look at how Glasgow aims to cancel out its carbon footprint.",['BBC News - Home' 'BBC News - Science & Environment' 'BBC News - UK']
07dc65d05bdc97a4124ee5535359b096,0,Arfield and Defoe see Rangers past Stranraer in Scottish Cup. Rangers begin their Scottish Cup campaign with a routine victory over Stranraer at Ibrox to ease into the fifth round.,BBC News - Home
09ad9ac0c69ca1454d071fcd88c93d66,0,Sunderland woman left bloodied after 'homophobic attack'. Police are treating the attack on Charlie Graham as a hate crime.,BBC News - UK
0a35f79b90d245f970bfc721f2dd5018,1,Microsoft makes 'carbon negative' pledge. The tech giant promises to remove all the carbon it has emitted since its founding in 1975.,"['BBC News - Business' 'BBC News - Science & Environment'
 'BBC News - Technology']"
0abd941c560b6b76a44c76d20395c120,0,"‘Why Ollie Pope is the real deal and belongs in Test cricket’ - Agnew column. Ollie Pope's maiden Test century shows he is the ""real deal"" as a Test batsman, says Jonathan Agnew.",BBC News - Home
0bd23a06bdd2e8d98382b600aaddb57c,0,"Scottish independence: Labour candidate Lisa Nandy criticised for Catalonia remarks. Lisa Nandy claims that the UK should ""look to Catalonia"" for lessons on how to defeat Scottish nationalism.",BBC News - UK Politics
0c1fa1da6a3284fb3d3dc276323cbaf1,0,Leakers: you're out. Ambitious MPs looking to prosper should think twice before leaking stories and soundbites.,BBC News - UK Politics
0c20f0b535828ba9630cfb1fcf7f32b3,1,"Facts and figures behind our climate and weather. What can the weather tell us about our changing planet? Ben Rich looks at the latest data in the first of our new monthly series, Climate Check.",['BBC News - Home' 'BBC News - Science & Environment' 'BBC News - World']
0c3f9beb2b16dca1198d10eaf602e92e,0,"Oscars 2020: Who's been nominated?. The nominations for this year's Academy Awards have been announced, with Joker leading the pack with 11 nods.",BBC News - Entertainment & Arts
0d4672e62df468fd908b194960a9ddc3,0,Susan Warby death: Whistleblower letter to husband 'revealed blunders'. The hospital reportedly demanded fingerprints and samples of handwriting to find the whistleblower.,['BBC News - Health' 'BBC News - UK']
0d7b310d3afcf4fdcc224fb0a3486727,1,"Putin's plans: What Russian president's surprise means. New PM, new government and plans to change the constitution - the BBC's Sarah Rainsford explains what's going on in Russia.",BBC News - World
0d82e6e773fa57f76d2ee7fda98ba880,0,Actor Laurence Fox's Question Time clash over Meghan. The Lewis actor clashed with an audience member over whether press coverage was racist.,['BBC News - Entertainment & Arts' 'BBC News - Home' 'BBC News - UK']
0e0b56adeec92027168a8db8c06cdc4f,1,Taal: Time-lapse of lightning storm swirling round Philippine volcano. Dramatic time-lapse footage shows lightning swirling around the Taal volcano as it spewed ash.,BBC News - Science & Environment
0e93da4394e5fb4ef6f076c6daf3f6be,1,China's economic growth hits 30-year low. The world's second largest economy has seen weak domestic demand amid a trade war with the US.,BBC News - Business
0ff3847eab62e608b4776d0ee275c3c7,1,"Putting pupils in isolation 'drives poor behaviour'. The use of isolation rooms only makes behaviour more challenging, warns a mental health charity.",BBC News - Family & Education
10649228e73bd7702a8b68bc00936660,0,"Night rider: 21 years sleeping on a London bus. When Sunny's asylum application was refused, he took refuge overnight on London's buses - for two decades.",BBC News - Home
1069c5f5eb0ee014a24da536b5128dab,1,Iran plane crash: Khamenei defends armed forces in rare address. Ayatollah Khamenei praises the Revolutionary Guard amid anger over the downing of a passenger jet.,['BBC News - Home' 'BBC News - World']
11a357f4a038939b0f102ece7d188d77,1,How the dog biscuit became a million dollar idea. The BBC's Aaron Heslehurst explains how the dog biscuit became a million dollar idea.,BBC News - Business
12e0b3c6782e578e7d9c807d5fa613e3,1,'Rosalind Franklin' Mars rover edges closer to launch. Europe's six-wheeled robot completes more key tests ahead of its planned summer launch.,BBC News - Science & Environment
13a58d09ef0c7b5a73a2cd6b4e3a2336,1,What's behind the fight for Libya?. The oil-rich North African country has been beset by a civil war for nearly a decade.,BBC News - World
14b7d3fbfcf79f5169d766c833b40d11,0,"Tice: Big Ben situation is pathetic. Brexit Party MEP Richard Tice says it is ""pathetic"" that Parliament can't get Big Ben to ring on Brexit day.",BBC News - UK Politics
152c6485e2dd976b7353e5633c16f9ee,1,Ofsted seeks judgement-free approach to 'stuck schools'. Inspectors call for new freedom to inspect struggling schools without publishing a judgement.,BBC News - Family & Education
15b3713a6e75869a1f907bc6ebc27463,0,'Exercise is my medication'. Sport England's This Girl Can campaign has launched a new TV advert addressing taboo issues surrounding women's fitness journeys.,BBC News - UK
1656218fac7c3468e009482c2f9ed2c3,0,FBI arrests three more members of right wing extremist group 'The Base'. Six suspected white supremacists have been arrested in what appeared to be a co-ordinated operation.,BBC News - World
1a77df492b70ee3b4d1fe1f26e1d9d25,0,Serbia migrants: The man offering heat to people rejected by Europe. A priest tries to ease migrants' winter misery near Hungary's tightly-guarded border.,BBC News - World
1cb4bff74c6ab0d80c4f83f18705bdb4,0,"Boy who appeared on Supernanny detained for rape. Jacob Young's mother wrote to the judge saying the 2005 show led to a ""campaign of abuse and mockery"".",['BBC News - Home' 'BBC News - UK']
1d08b3240e06a5d1947ca57322f8bd8a,0,Collector pays UK-record £1m for rare coin. Only six Edward VIII sovereigns were made but it is not just its rarity that fascinates historians.,['BBC News - Business' 'BBC News - Home']
1d2fb991e0efd0f6c166d9aebc2cb330,0,Scottish Conservatives: Carlaw and Ballantyne to contest party leadership. Jackson Carlaw and Michelle Ballantyne are the only two candidates to put their names forward in the contest.,BBC News - UK
1e920a3b447864d39a3b588bd84a8644,0,'Miracle baby' born after womb transplant. Benjamin is only the second child in the US to be born through the procedure.,BBC News - Health
1ea0a71c075475f491b4be1c8effea7d,0,Student rape reports: The battle to be believed. Women who report violent sexual assaults at university say the perpetrators are getting away with it.,BBC News - Family & Education
1f3286c114b4c6e5c7ce9ee1521a80ad,0,"Why so many pens?... and other impeachment oddities. A long signature, a dramatic procession, and cries of ""hear ye"" were all part of the impeachment trial.",BBC News - World
1fc4b12b5d609d69cbb500a6e5ff89a0,0,"Pre-teen girls 'tricked into sex acts on webcams'. Tens of thousands of 11- to 13-year-olds are being tricked into performing sex acts, data suggests.",BBC News - Family & Education
1fde418c043b372574da3d6e148180d2,0,"Inside the Old Bailey as filming ban to be lifted. From inside the Old Bailey, Clive Coleman explains what we can expect once cameras are allowed in.",BBC News - UK
203cb1e1ea58ca97534ab3f5e4a0ce29,0,Building collapse misses pedestrians by seconds. Security footage captures two people in Washington DC narrowly avoid being crushed by falling debris.,BBC News - World
2214c2961bc4817fe352063ed91eb3eb,0,"How GCSE revision helped spot a dad's cancer. Jonathan Jenkyn says he is dodging ""the grim reaper"" after suffering a cardiac arrest and cancer.",BBC News - Family & Education
238b07b98cafe310dbd1d72110fb9100,1,Taal volcano's inner lake all but gone in eruption. Satellites continue to monitor the Philippines volcano which has experienced a lull in activity.,['BBC News - Science & Environment' 'BBC News - World']
277fc46dea3a06b0d8851ac6328ff2d6,0,"'First Middle-earth scholar' Christopher Tolkien dies. The son of JRR Tolkien is described as a ""titan"" who was a ""devoted curator of his father's work"".",BBC News - Entertainment & Arts
27c88e2797bab4d4197d2dbac56e8875,0,Carlos Ghosn: Did ex-Nissan boss really escape Japan in a box?. The BBC's John Simpson pushes Carlos Ghosn on how he managed to flee to Lebanon.,BBC News - Business
284790ed5f34f9b173c4fa1213e2bfb0,1,Apple may have to abandon Lightning connector cable. European Parliament members want all tech giants to adopt a single universal charging method.,['BBC News - Home' 'BBC News - Technology']
2904343847682bad56671b2ae7ac74a2,0,"Tyler Peck drugs death: Mother jailed for 10 years. Tyler Peck, 15, was found dead at his mother Holly Strawbridge's home the day after a drugs binge.",BBC News - UK
29fe3528dd4385d1eba2ae62ebe75596,0,'Barnacle' car windscreen clamp sparks student fury. Students shared tips on how to remove the barnacle device on social media.,BBC News - Technology
2b1c00c5c57d82f2307a506eefd4958c,0,Stormont talks: What are the key points in the draft deal?. The British and Irish governments published the text of a draft deal on Thursday night,BBC News - UK Politics
2b240f1420f00bfd8993784c112c6880,0,‘Submitting to my husband like it's 1959': Why I became a #TradWife. Alena is a #tradwife and she's not alone,BBC News - UK
2ba4b7ce743ab574e171e7949b308441,0,Lord Dubs warns Johnson not to use child refugees as Brexit 'bargaining chips'. Labour peer Lord Dubs wants to restore a protection to reunite child migrants with their families.,BBC News - UK Politics
2d40bc7366dba1915cc4aeae9cd1b37c,1,Australia fires: 'Apocalypse' comes to Kangaroo Island. Australia's Kangaroo Island has been likened to Noah's Ark - but its unique wildlife is under threat.,BBC News - Science & Environment
2e4a2f798a59562e244c17fdca80ad00,0,"Stormont finance packages keeps NI in 'austerity trap', says Murphy. The Westminster government is to give the NI Executive an extra £1bn to support the Stormont deal.",BBC News - UK Politics
3070b24edf667588bc4091e3fd274f3d,1,"The GP practice where patients can share appointments. Group sessions allow more GP time and the chance to meet others with the same illness, advocates say.",BBC News - Health
328e17e33fc3db5d692f535ec0e2c3cb,0,"Extinction: A million species at risk, so what is saved?. With around one million species at risk, how do conservationists decide what species to save?",BBC News - Science & Environment
33c983b14bd79e113680dbdda08e0512,0,Mistaken identity: 'You called the wrong Robert Shapiro...'. Presenter Evan Davis said it was the worst mistake since he joined Radio 4's PM programme.,"['BBC News - Entertainment & Arts' 'BBC News - UK'
 'BBC News - UK Politics']"
363fc0de69d6196762134df89d374b44,1,TV cameras to be allowed in Crown Courts in England and Wales. Judges' sentencing remarks in high-profile criminal cases in England and Wales are to be filmed.,BBC News - UK Politics
3711a1c29bd34c8a35182d359589e83d,0,Storey Arms instructor jailed for indecent assaults. Robert Pugh assaulted three boys at a Brecon Beacons activity centre in the 1980s and 1990s.,BBC News - UK
384e9c6b036aacaf415ba6533648050a,1,Australia fires: A visual guide to the bushfire crisis. How Australia has been battling bushfires during a devastating fire season.,BBC News - Science & Environment
387c50f10030b6469209b2238e50a5f5,0,"Reynhard Sinaga: How the Manchester rapist found his victims. For several years, until he was caught in 2017, Reynhard Sinaga preyed on young men enjoying a night out.",BBC News - Home
39a52b6b64b8653289560f58e1ed421c,1,"Boris Johnson: Five crucial policy decisions facing the PM. The fate of HS2, Scotland and social care are some of the issues that could define the PM's tenure.",BBC News - UK Politics
39aaf2a0dfe4cf897a3d22192171c60f,1,Australia fires: Aboriginal planners say the bush 'needs to burn'. What would happen if Australia followed the ancient bushfire management practices of Aboriginal people?,BBC News - Science & Environment
39e612824fbd70b00d011c8c2b9286a4,1,"New Chinese virus 'will have infected hundreds'. The virus emerged in December, two people have died and it has been detected in three countries.",BBC News - World
3ba0049cf232e84ad9bbc01638b4394c,0,Harry and Meghan: How people split time between two countries. Four people share their experiences - good and bad - of having two homes thousands of miles apart.,['BBC News - Home' 'BBC News - UK']
3e45b8e9e6d5810f8000940737cd57d9,1,Brexit: What would no-trade-deal mean for NI?. BBC News NI's Economics and Business Editor breaks down the implications of a no-trade-deal Brexit.,BBC News - UK Politics
3e75e341079258eca3cbad903f062a4c,0,"Indyref2: What does 'once in a generation' mean?. Boris Johnson keeps saying the 2014 indyref was a ""once in a generation"" event - but what does this mean?",BBC News - UK Politics
4020526c4c1a8b8ba61b83cb60edebc2,0,Dinosaur extinction: 'Asteroid strike was real culprit'. A team of scientists discounts the idea that large-scale volcanism drove the demise of the dinosaurs.,BBC News - Science & Environment
40ef502d7b5bfc891e6ac3e7c491d3b6,0,Estranged students: 'The system assumes your parents will help'. Law student Blair Anderson's relationship with his parents broke down but he struggled to access extra support.,BBC News - Family & Education
418892e6c62b92eaaff2e079a9668877,0,"'The reality is I shouldn't be here - it's a miracle'. ‘You, Me and the Big C’ presenter Deborah James tells 5 Live she is currently ‘free’ of cancer.",BBC News - Health
4563e93d1a743de62db077154ff57258,0,Fulham beat Middlesbrough to go third in Championship. Anthony Knockaert scores the only goal as Fulham beat Middlesbrough to move up to third in the Championship.,BBC News - Home
45c4d07c3e71bbebe3c0a10f86d25606,1,"Living with ADHD: 'I have the brain of Einstein and the attention span of a toddler'. Stuart, who has ADHD, says he has ""the brain of Einstein and the attention span of a two year old"".",BBC News - Health
46a5b4559825791401320e4ba1216987,0,Stormont deal: The big issues facing Northern Ireland's new ministers. BBC News NI's experts look at the urgent matters facing the ministers on their first day at work.,BBC News - UK Politics
46b3e5750e631aaf7d959d66bd1900e6,0,"What went wrong with virtual reality?. It was thought VR would be as common as televisions, but despite improvements it is yet to take off.",BBC News - Technology
46b75d1efbb5b37994c63ba6da933051,0,Lyme disease like 'waking with a hangover' every day. A engineer forced to quit work hopes pop star Justin Bieber will raise awareness of the condition.,BBC News - Health
4780639486a00bb0d21054f75c522a03,0,"Never mind Transylvania, Dracula was Irish. A dramatic Monaghan deathbed scene and a bloodsucking Derry chieftain suggest Dracula was Irish, analysts say.",BBC News - Home
478cd1ffb4f767b6f98380225d333842,0,Owen Jones: Journalist attacked because of sexuality and political views. A judge rules Guardian columnist Owen Jones was targeted due to his sexuality and political views.,['BBC News - Home' 'BBC News - UK' 'BBC News - UK Politics']
489951d872685806ea8e948a43a0c360,1,Climate change: Last decade confirmed as warmest on record. Global data from three agencies also shows that 2019 was the second warmest year since 1850.,BBC News - Science & Environment
493eb768c76a56d3b83c73f0c628ddc3,1,"New engine tech that could get us to Mars faster. Nasa wants to send humans to Mars one day, but do we have the engines to get us there?",BBC News - Science & Environment
49dd4b2d44f037f4bad0b59e1d93a8fb,0,"Australia droughts: ‘Wall of dust’ envelops town. A dust cloud sweeps across a New South Wales town, turning it red in seconds.",BBC News - World
4b2829961e5e087a331cabe64b46631d,1,Clinton prosecutor Ken Starr to defend Trump. Former special prosecutors from Bill Clinton's impeachment trial are on the president's team.,['BBC News - Home' 'BBC News - World']
4d58638399065ea15368181aad11bc9b,0,"Labour leadership: Don't just blame 2019 campaign, Starmer warns. The leadership hopeful tells the BBC's Laura Kuenssberg he can restore trust in Labour as a ""force for good"".",BBC News - UK Politics
4d6edd3698341dffaf2c84790f0bf37f,0,What it means to be mixed race in the US. The number of multi-racial people in the US is on the rise. But the experience comes with struggles.,BBC News - World
4dc2d96cae60b9328b35d2081d9f0161,0,"Why people use bots to buy limited edition trainers. The resale market of rare trainers has exploded with the use of computer bots, the BBC finds.",BBC News - Business
4e9e476e91b071225552175c2c975a28,0,"Samira Ahmed case: What is equal pay?. BBC presenter Samira Ahmed won a pay dispute, but what is equal pay?",BBC News - Business
4fceb80576f3e1c21931a5c7104de744,1,Chinese tourists found dead by 1973 Iceland plane crash site. Police in Iceland tell the BBC autopsies will take place next week to find out the cause of death.,BBC News - World
50b963e7a1e9464fd4d496c0db868061,0,Nine-year-old 'shocked and sad' at racist abuse. A primary school pupil felt unwelcome in his school when friends called him racist names.,BBC News - Family & Education
519b4d14f334483fd42c5ca92a0dc289,0,Why are opioids still given for chronic pain?. Opioids work only for some with long-term pain - so why are they still being given to patients?,BBC News - Health
520d916685a1e2d28fa23259721d5ccb,1,Hays Travel: 'We're different to Thomas Cook'. The company has taken over all 550 Thomas Cook stores after the package holiday firm collapsed.,BBC News - Business
5371fa52cc4422aa7c6734f04b2b50fa,1,Australia fires: Is arson to blame?. There has been speculation about how many of the bushfires were caused by arson - what do the figures show?,BBC News - Home
5391b273cd9fc87cb2667ef0ed921fed,1,General election 2019: Ten lesser-known MPs to keep an eye on. Here are some of the MPs who could exert influence in the newly elected House of Commons.,BBC News - UK Politics
53bf0c9b9b0d9ba208af31486aab8444,0,"Climate change: Should you fly, drive or take the train?. How should you travel to reduce your carbon footprint?",BBC News - Home
5555e71bd691a824f13d83eb3a5e4e0b,0,"Airport guard pulled Native American woman's braids. The agency apologises after the flyer tweeted she was ""humiliated"" by the incident in Minnesota.",BBC News - World
558d779e9a13545a690e7186112a38ab,0,China anger after woman drives into Forbidden City. Social media users ask how a woman could have driven into the former imperial palace in Beijing.,['BBC News - Home' 'BBC News - World']
567e077a151a28219116e2a007032ccf,0,"My great-granddad, Nelson Mandela, would be 'unhappy' with 2020 South Africa. Nelson Mandela's great-granddaughter says the former President wouldn't be '100% happy' with modern South Africa.",BBC News - Home
56a827353122890b9671752d53ca1fd5,0,"Harry Harris: South Koreans bristle at US envoy's moustache. Harry Harris rebukes critics of his facial hair, which reminds some South Koreans of colonial rule.",BBC News - World
56e43832a61ed923aebe4255df5d5920,0,Cheetah smuggling out of Ethiopia 'fuelled by exotic pets demand'. The animals are seen as a status symbol for wealthy families in Saudi Arabia and the UAE.,BBC News - World
58cc13a45b643cf4c93a62899365726c,0,"Comic fan has The Beano delivered every week for 53 years. Paul Cooper, 61, is marking his devotion to the comic with a trip to its publisher's home city.",BBC News - UK
58dc4344df86106f80f29be7a19c98b0,0,Jack Lowden: Working with Dwayne 'The Rock' Johnson was 'utterly bizarre'. Scots actor Jack Lowden discusses his career following his nomination for a Bafta rising star award.,BBC News - Entertainment & Arts
5a72d4bcdc59408ccea7e0d437b591be,0,Belching in a good way: How livestock could learn from Orkney sheep. The sheep of North Ronaldsay could teach other livestock how to belch in a way less harmful to the climate.,BBC News - Science & Environment
5c514dce5bf6895ad707c52824644319,0,Music giant nurtures neurodiverse talent. Universal Music UK have changed their work culture to be more inclusive to neurodiverse people.,BBC News - Entertainment & Arts
5dc897af52b6bd47ff581a573c296425,0,"What can I do about climate change?. From population to plants, your questions answered about climate change.",BBC News - World
5de2aaa90c5d4c7276804abfd8958883,1,"Labour leadership: Long-Bailey against abortion after 24 weeks on disability grounds. The Labour leadership contender ""supports women’s right to choose"" but disagrees with the current law.",BBC News - UK Politics
5f2dd09a425d57fed3bbe5b16d1b3a86,0,Dementia: Does heading a football cause the disease?. Concerns are growing that heading a football may increase the risk of players developing dementia.,BBC News - Health
62716fa04e7645a1fe674e66d07b18a1,1,Does your company nurture neurodiverse talent?. Universal Music UK have changed their work culture to be more inclusive to neurodiverse people.,['BBC News - Business' 'BBC News - Health' 'BBC News - Home']
6384921e46f12a12778f9baf3f231671,0,Derek Fowlds: Yes Minister and Heartbeat actor dies aged 82. The actor played Bernard in Yes Minister and was in the entire series of Heartbeat.,BBC News - Entertainment & Arts
64de1a078724fb2c29609ad137bbd69a,1,"Labour leadership: Rebecca Long-Bailey pledges to return power to voters. The Labour MP sets out her pitch for Labour leadership, promising a ""shake up"" of government if elected.",['BBC News - Home' 'BBC News - UK' 'BBC News - UK Politics']
659d733034712a9468b46e6d4ada453a,0,Basildon Hospital: Mother died after 'unfathomable ineptitude'. Gabriela Pintilie lost six litres of blood after giving birth to her daughter Stefania.,BBC News - UK
682f3a9db299ac7e10b69ee7fce843b7,0,'I regret not doing my apprenticeship sooner'. Apprenticeship courses have come under the spotlight following a report from an education think-thank.,BBC News - Family & Education
6955475e75b617434a863e857a6c4f33,0,Retail sales fall sharply in December. A fifth straight month without growth adds to pressure on the Bank of England to cut interest rates.,BBC News - Business
6b466c293e20a240d74a3a90421b5952,0,Range Rover driven into London jewellery shop in robbery. Robbers broke glass display cases with a sledgehammer in the robbery which was captured on CCTV.,['BBC News - Home' 'BBC News - UK']
6c1534836b05c8f92bb144d72d270bab,1,"Australia fires: Vineyard owner's grief and determination. An Australian vineyard's destruction in bushfires led to anger, tears and new ""faith in humanity"".",BBC News - Business
6c9e2cf60c34bff5dfd9e614e681b338,1,Researchers: Are we on the cusp of an ‘AI winter’?. AI researchers admit that the hype around AI may be cooling off once again.,BBC News - Technology
6ea5856e130bdb487916200aaed08e5c,0,"Flybe boss says government loan is not a bailout. However the airline is ""in conversation"" with the government over a loan, Mark Anderson has confirmed.",BBC News - UK Politics
6f0504ca2da6123078bbf0d73c658e8e,0,Climate change food calculator: What's your diet's carbon footprint?. Check the environmental impact of what you eat and drink.,BBC News - Science & Environment
725144e62fd53c9dad84ed5ed802856c,0,Mac Miller sounds 'at peace' on posthumous album. Mac Miller fans tell Radio 1 Newsbeat what hearing his last album means to them.,['BBC News - Entertainment & Arts' 'BBC News - Home']
744602d41445b3fe7f179e8319e29211,1,Keir Starmer: I think I can restore that trust in Labour. Labour leadership candidate Sir Keir Starmer explains why he's the right person for the job.,['BBC News - UK' 'BBC News - UK Politics']
74988745bcefc5c8d73364321c770ce7,0,Smart contact lens: 'It feels seriously sci-fi'. Mojo Vision has revealed its new lens which puts augmented reality in front of your eyes.,BBC News - Technology
75b6abaf3285758c309e6140facc3971,0,"Hip-hop artist: 'I'm called Satan when I rap'. ""Mina the Veiled"" is a Senegalese hip-hop artist who is often mocked because of her passion for rap.",BBC News - Entertainment & Arts
76eb34e857806b6d6a51cc10c4a9f84e,0,Actor Stephen Graham vows to help under-represented film and TV talent. The Irishman star sets up a production company to give a platform to new and neglected voices.,BBC News - Entertainment & Arts
7716b7c085e7d718f44081a6944e7c96,1,Teachers worry over funding for smaller classes in Wales. What will happen to a £36m fund aimed at cutting infant class sizes in Wales?,BBC News - Family & Education
773489162e8117dc3f1eb8bbd985baf5,1,Evening emails 'overwhelm working parents'. Almost half of parents say that technology has blurred the boundaries between work and home.,BBC News - Family & Education
78cafa96eabc5334d8f7b2e3babfc54d,0,"Birstall explosion death: Hundreds of homes at risk, says coroner. A coroner expresses concern over risks to other houses after the death of a woman in a gas blast.",BBC News - UK
7a167bd7b58440581fd73a7e336febb1,0,"General election 2019: Leigh's voters on 'fantastic' seismic shift. Voters in Leigh are happy to have a Tory MP and are ""hoping that there's going to be a big change"".",BBC News - UK Politics
7a29e78099ab2040e760ef9b7a82e7bd,1,US officials ground drones over espionage fears. US officials are reviewing a civilian drone programme because of concerns about Chinese infiltration.,['BBC News - Home' 'BBC News - Technology']
7af62b9d769fad5cf87118b7fc07e168,0,CES 2020: Samsung's invisible keyboard for smartphones. Samsung's SelfieType scans finger taps on a table using the smartphone's front camera.,BBC News - Technology
7b49570380cebde70be58c681c5a15e6,0,"I have suffered sexual harassment, says minister Victoria Atkins. Equalities minister Victoria Atkins says ""common sense"" is needed to determine what counts as harassment.",['BBC News - Home' 'BBC News - UK' 'BBC News - UK Politics']
7c4474eea32b81b1944adb2d0aaa6649,1,In full: Sir Keir Starmer interview. Sir Keir Starmer speaks to the BBC's Laura Kuenssberg as the Labour leadership race continues.,BBC News - UK Politics
80399de0dc0ed6465f13022726d41b60,1,Brexit relationship: EU reveals clues ahead of talks with UK. Presentation slides published online give an insight into how the future relationship might pan out.,['BBC News - UK' 'BBC News - UK Politics']
84958ef437be4a8d20ed7aa011e58dce,0,"Housing-benefit errors 'making families homeless'. Struggling families are being hit by failures in the system designed to help them, a watchdog says.",BBC News - Family & Education
882c1d32aab9a66386d9c85b8e87a9c8,1,Climate change: Citizens' assembly prepares to tackle climate change. UK panel will tackle some of the dilemmas around global warming.,"['BBC News - Home' 'BBC News - Science & Environment'
 'BBC News - UK Politics']"
883b47f8386f9fcef55ebc2a369d6e22,0,Mukesh Ambani: Asia's richest man in $13bn ruling boost. India's Supreme Court rejects telecom operator's plea for relief on government levies.,['BBC News - Business' 'BBC News - Technology']
8a366f8510fc7cfa0b128808aa932a45,0,Australia fires: How do we know how many animals have died?. A biodiversity expert suggests almost half a billion animals might have been affected in Australia.,BBC News - Science & Environment
8b12f867d7afa83e28ae8eb5cae09f44,0,'Grade inflation' in top degree grades stopping. The sharp rise in first class degrees from universities has stalled after pressure from ministers.,BBC News - Family & Education
8c6a9769fe859c0bdf025bfa996eece9,0,Climate change explained. It's been linked to a year of extremes – from bushfires to torrential rains – but what is it?,['BBC News - Home' 'BBC News - World']
8da75337aeb2e5206a318ee8d2114058,0,"Ayanna Pressley: US congresswoman reveals alopecia diagnosis. Ayanna Pressley says she shared her condition because ""as a Black woman, the personal is political"".",BBC News - Home
8deddf3aeaef732fe086f09a93c8295f,0,"Is it OK to call in sick with a common cold?. Should you just crack on with it when you have a cold, or hide under the duvet for everybody's sake?",['BBC News - Business' 'BBC News - Health']
8ebcb07dd094b1e1c79deb88c2d48a10,0,"The billionaire retailer whose shops had no stock. Luiza Trajano, owner of Brazilian shop chain Magazine Luiza, is one of the country's richest people.",BBC News - Business
8f26f698fa93bd14504a931f94932c18,0,"Neanderthals 'dived in the ocean' for shellfish. Until now, there's been little evidence our evolutionary relatives could swim.",BBC News - Science & Environment
903d48ecddfc5e2ba645923c9b320bc4,0,"Six charts on Britain's most diverse Parliament. BBC analysis of gender, race and sexuality shows that the 2019 intake is set to be the most diverse yet.",BBC News - UK Politics
907fcaef9da019ec3d05b626b04789a6,0,"Chinese student Wu Huayan died 'after donations withheld'. More than a million yuan ($144,000; £111,000) was raised for Wu Huyan - but she only saw a fraction.",BBC News - World
90d336d4dd938988274b5b6f7dec50ca,0,Grammys chief removed 10 days before ceremony over misconduct allegation. Deborah Dugan is placed on leave following an allegation of misconduct.,BBC News - Entertainment & Arts
90ff1928e913774b4dddc8d46647b460,1,"Social media data needed for 'harm' research, say doctors. Understanding usage by children is key to studying potential harms and benefits, psychiatrists say.","['BBC News - Family & Education' 'BBC News - Health'
 'BBC News - Technology']"
920f618e8181bc91de22a39e4e417d4a,0,"Victims' families slam report into 737 Max crashes. The official report found that the process of clearing the planes to fly is ""effective"".",BBC News - Business
92a19590ac43ffd2ba07858c8a493f24,0,"Sir David Attenborough warns of climate 'crisis moment'. We're at a pivotal point in efforts to tackle climate change, the naturalist and broadcaster warns.",['BBC News - Science & Environment' 'BBC News - UK']
9465e7c2fe496c75144c860ad5f98243,0,"'London throat': Toxic brake dust could cause condition, scientists say. Brake dust pollution could be contributing to a condition called ""London throat"", scientists say.",BBC News - Health
9486088f226da21474a9fb3c0442f49a,0,Rebecca Long-Bailey: What's in a hyphen?. Why Rebecca Long-Bailey's hyphen in her surname has caused some confusion.,BBC News - UK Politics
95f197f0eb9d10507b92bbb4a8f32583,0,"Facebook blocks the Spinner's 'brainwashing' tech. Social network orders the Spinner to stop targeting its users with ""disguised"" ads.",BBC News - Technology
973a94f5053bc851cfbeca77d69b4ebf,0,Travelex boss breaks silence 17 days after cyber attack. The travel money firm's boss has spoken publicly for the first time since a huge ransomware attack.,BBC News - Business
990935ad227a9a20100766d29b2d56d1,0,Outstanding schools to face inspections again. The exemption on inspections for outstanding schools is set to be scrapped.,BBC News - Family & Education
9add850f74d420d2c6a4bbd5dd6cda9e,0,Does music make exercise more effective?. Trust Me I'm a Doctor looks at whether moving to a fast beat improves the effects of activity.,BBC News - Health
9afd94a32fb2f41a26c4908044b5563a,0,"Chester's Roman wall collapses after digging work. The council says ""the removal of too much earth"" exposed a section of the Chester wall's foundations.",['BBC News - Home' 'BBC News - UK']
9b4e5e370613b08721494a5692bfc8ec,0,'Alarming' one in five deaths due to sepsis. The most detailed study of sepsis shows it is a much bigger problem than previously thought.,BBC News - Health
9b556453d59244cdb8245c3d0c19cfe4,1,Brexit and the Queen's Speech. The newly formed government has set out the laws it plans to pass over the coming Parliament.,BBC News - UK Politics
9beeefff27ac35cf741ad0e42d54d8bf,0,"Stroke consultant shortage 'hurtling towards crisis'. Some 48% of hospitals in England, Wales and Northern Ireland do not have the staff they need, figures suggest.",BBC News - Health
9bf43569796ebf660d703381cded1000,0,"Brit Awards 2020: Why weren't more women nominated?. After a banner year for women in 2019, this year's Brit Awards are dominated by men. What happened?",BBC News - Entertainment & Arts
9d6881fb43b8d8e8f458fcf308c00b00,0,Craigavon: Murder inquiry after Nathan Gibson's death. The PSNI says the body of 25-year-old Nathan Gibson was found in the Lake Road area of Craigavon.,BBC News - UK
a0588090bfc0ee8b1b13439ec93d44d9,0,"COP26: Climate summit policing will cost more than £200m. Scotland's police chief says officers' accommodation alone for COP26 will cost ""tens of millions of pounds"".",BBC News - Home
a25738e32c5924eea20c5579c5493602,0,Bombshell: Charlize Theron on 'wrapping her head around' Megyn Kelly. Charlize Theron on becoming Megyn Kelly in the Oscar-nominated Bombshell.,BBC News - Entertainment & Arts
a279e3fa0d124c1359408f34fdfedbdd,0,What's your diet's carbon footprint?. Check the environmental impact of what you eat and drink.,['BBC News - Home' 'BBC News - World']
a41651b2ac7e0cfe9a69b5f66960b895,1,"Big Ben: Would Brexit bongs cost £500,000?. The House of Commons Commission has been explaining the cost of the Brexit bongs.",BBC News - UK Politics
a47649daf134757d6a8520944655aa98,0,"NHS tells betting firms to stop 'vicious gambling cycle'. Free bets and other incentives should be banned to make gambling safer, a letter to companies says.",BBC News - Health
a4f807e67fe579c729fb2ca001ed7c9a,0,"Ban on spiked collars at Slipknot gig in Glasgow 'ridiculous'. One club owner described the clothing restrictions for the band's Glasgow show as ""a joke"".",BBC News - Entertainment & Arts
a555e1a0c315b3283d1d8259f1544dfa,1,"'Treatment gap' in youth mental health services. Young people are struggling to get the help they need for mental health problems, says a report.",BBC News - Family & Education
a59bf040343e7f6a6232dddac5255b27,1,Queen's Speech: What is it and why is it important?. The Queen's Speech will be the second in two months.,BBC News - UK Politics
a689d46120f7143657246aa56b787fd3,0,"Costs double for stalled Liverpool and Birmingham hospitals, report finds. Two hospitals started by collapsed engineering giant Carillion look set to open in 2022, years late.",BBC News - Business
a6d3653deaee928e7afe94f9ff9bd9ac,0,"CES 2020: Manta5's electric bike rides on water. After nearly a decade's research, a hydrofoil water bike has gone into mass production.",BBC News - Technology
a7d81c0f88e2c16213a8e71c76b3bb70,0,Meet the NASA intern who discovered a new planet on his third day. This teenager found a new planet on the third day of his internship at the US space agency.,['BBC News - Family & Education' 'BBC News - Science & Environment']
a82a62e9031239ae0eb46a9d349ad063,0,BBC launches new climate coverage. The BBC plans a raft of new services and shows examining climate change and the state of our planet.,BBC News - Home
a9e0bdf18282f1729721a2999aea0914,1,Wireless taxi charging to be trialled at Nottingham station. The six-month trial will see 10 electric taxis in Nottingham given hardware to charge while waiting.,BBC News - Technology
ab55d3d13990f2ae1ebe8aaca65f72a7,1,"Brazil's culture minister fired after echoing Goebbels. Roberto Alvim used parts of a speech by Nazi Germany's propaganda chief, sparking outrage.",['BBC News - Home' 'BBC News - World']
ad005d54f9e922f3016a7a30fc477fad,0,Queen's Speech: Plenty of pomp in dressed-down ceremony. The Queen sets out the government's plans in a ceremony rich with tradition.,BBC News - UK Politics
af8388b5c5cda2ae2e14ff6c51e11bc4,0,India's first trans queen: 'Show yourself loud and proud'. Nitasha Biswas won India's first transgender beauty pageant and now campaigns for transgender rights.,BBC News - Business
af8cb384c51c18c66ffb3a99a73bf1a1,0,"Sir David Attenborough blasts inaction on climate change. The naturalist and broadcaster has warned that ""the moment of crisis has come"".",BBC News - Science & Environment
b08a097b4e5ff64a1b0ce02ef770dcba,0,Christmas: Retired woodworker sends presents around the world. Ted Bird keeps his workshop going 10 months a year to make toys for children across the globe.,BBC News - Family & Education
b10e055fbb52bc696883245518c45223,0,James Bond's greatest hits - and biggest misses. Billie Eilish is following in the footsteps of some classic Bond themes (and some stinkers).,BBC News - Entertainment & Arts
b1bacdca41cdd8843e22be2ce94db85a,0,The nerves and excitement of an MP's first day. New MPs talk about the pressure they face and the hopes they share as they start new jobs in Westminster.,BBC News - UK Politics
b47db1e9397ee1b9aba090b7a27fb9ec,0,"Pramila Le Hunte: 'I tried to be the first female British Asian Tory MP'. Winning as a Tory in Birmingham Ladywood in 1983 was going to be tough, but Pramila Le Hunte gave it her best shot.",BBC News - UK Politics
b51afe8886c1363f43e25a60220f41b8,0,"Five ways music changed in the 2010s. Songs became shorter, melodies became less melodic and Latin music exploded. Here's why.",BBC News - Home
b54fae6f87dac4d192b9ee5a2d9262ef,0,Stay-at-home dads set up father-friendly playgroup. Dan Rainsford and Sam Chatterley set up a group so other stay-at-home fathers don't feel alone.,BBC News - Family & Education
b5e5f675624889a616de7e05f81ef12c,1,Giant jet engines aim to make our flying greener. How much more efficiency can be wrung out of the jet engine - technology which is over 70 years old?,"['BBC News - Home' 'BBC News - Science & Environment'
 'BBC News - Technology' 'BBC News - UK' 'BBC News - World']"
b72f2b4ea0df9105c6ab12b8b42c2e3d,1,"Brexit: What happens now?. The Brexit bill has passed its first hurdle, with the UK set to leave the EU on 31 January.",BBC News - UK Politics
ba56dca48147c29dd9422d4beab922c7,0,"Cathy Come Home: The TV drama that put homelessness on the map. The producer of the groundbreaking drama Cathy Come Home, Tony Garnett, has died but its legacy continues.",BBC News - Family & Education
ba946b212c6c21d1227877fccfd3d301,0,"Entrepreneurs: From coal to coffee in ex-mining town. Having failed all his exams, Scott James started a coffee roastery in his ""forgotten"" community.",BBC News - Business
bc574ada510d82809efef37917d60e66,0,Indians bake the world's 'longest cake'. Those who were lucky enough to grab a bite say it was 'up to the mark'.,BBC News - World
bcb882ac5ba92317538064cc66efecfb,0,"State papers: New light on Major, Trimble and peace process. Files show the efforts of John Major to persuade David Trimble about the new chair of all-party talks.",BBC News - UK Politics
bea2fcbb819314e7f8df0234bd4e33ca,0,"Bumbleance: The transportation service for sick kids. The ambulance service, available in the Republic of Ireland, is hoping to expand to NI.",BBC News - Family & Education
c0a97118ee634c1004fc9485ba977188,0,Nurseries face closure over free childcare funding gap. Nurseries say they cannot afford to run their services because the government has failed to properly fund its free childcare policy.,BBC News - Family & Education
c14f3cb8de051a4036c6eb71aeb470a2,1,"How to save the UK's crisis-hit High Streets. There are 50,000 fewer shops on UK High Streets than a decade ago, and the decline is continuing.",BBC News - Business
c2a3204577e15aeb83b4d455e52259e3,0,The scientist powering drones with 'happy gas'. The hydrogen-powered drone which could revolutionise the travel industry.,BBC News - Science & Environment
c77172987280663db0a7f228751ba034,0,'Huntington's has affected everyone I ever loved'. Sandy Patience wants to help find a treatment for the degenerative disease that has blighted his family.,BBC News - Health
c79b44eb2af455f918baf5d5ba385dab,1,Three brothers set world records rowing the Atlantic Ocean. The Scottish siblings are the first three brothers to row any ocean and the fastest trio to row the Atlantic.,['BBC News - Home' 'BBC News - UK']
c972a268d0c4a1a17647576c81d71e3f,0,HIV infections among gay and bi men fall by 71% in UK. New figures suggest the UK is on track to eliminate HIV transmission by 2030.,BBC News - Health
ca55c87a421113164f00995be7dfb6ca,0,"Plug-in and sail: Meet the electric ferry pioneers. Battery powered ferries are becoming bigger and are sailing further, but they are still expensive.",['BBC News - Business' 'BBC News - Technology']
ca62c4054feabdacdcedb77a53661fb1,0,"Birmingham car ban: How would the scheme work?. A scheme to stop cars travelling across the city has been proposed, but how would it actually work?",BBC News - Science & Environment
cb189a4be4cd5be8ded9dbac19a95a56,1,Tackling the Earth's orbiting space junk. How the Japanese firm Astroscale is set to start cleaning up the Earth's orbiting space debris.,BBC News - Science & Environment
cbe009522c9169f797c3bd8910d67b70,0,"Harvey Weinstein case: Jury picked for New York rape trial. After two weeks, lawyers finally choose the 12 jurors for the trial from about 700 candidates.",['BBC News - Home' 'BBC News - World']
ccb3987b35d2b3a953e4ee6d5bc108f7,0,Japan minister's paternity leave challenges work pressure. Environment Minister Shinjiro Koizumi will become the first Japanese cabinet minister to take it.,BBC News - Family & Education
cdd1a893f1ce1b77c33468f770f22b85,1,Facial recognition: EU considers ban of up to five years. The European Commission wants time to work out how to prevent the technology being abused.,BBC News - Technology
cdfa741ef790c6cfcad0c7db86965649,1,New maps reveal Scotland's seabird breeding hotspots. Conservationists mapped the most critical areas of Scotland for endangered birds like the kittiwake.,BBC News - Science & Environment
ce29152b1a2c0ba1a02c35fcc8569841,0,"How to make your packed lunch healthier. It's not just about ditching sweets, crisps and fizzy drinks, experts say.",BBC News - Health
ce4060b88dff0ed7803632be02d46bf2,0,How the executive toy became a million dollar idea. Aaron Heslehurst explains how the executive toy became a million dollar idea.,BBC News - Business
ce4cdcee872c64b07b95f5e2de654169,1,Flybe: Viable business or destined to fail?. The airline has been through several restructurings - can this latest rescue save the company?,BBC News - UK
ce919caf1b9305a9229d481c8b5bde85,0,"Brexit: Big Ben fundraiser given £50,000. Millionaire businessman Arron Banks donates, but MPs question whether the bell can toll on 31 January.",['BBC News - Home' 'BBC News - UK Politics']
cf6262cfd6027364a7cd41d00961833a,1,"Keir Starmer: We've lost four elections in a row. Speaking to the BBC, Labour leadership hopeful Keir Starmer says the party has lost votes in its heartlands.",BBC News - UK Politics
d0bc2f4724679dd1cc4dadb137813146,0,"Why are Chinese fishermen finding so many 'submarine spies'?. Fisherman are catching foreign ""spy drones"" – giving us a rare insight into covert sea surveillance.",BBC News - World
d3d95ecdb98aec1a3a4fbde61c946b0b,1,Brexit: There will be no automatic deportation for EU citizens - No 10. So far more than 2.7 million EU citizens have applied for settled status after Brexit in the UK.,BBC News - UK Politics
d419493d8eef22331c877c5cd85676df,0,"Queen's Speech: Our experts react to the government's plans. The BBC's experts give their analysis of what the government is, and isn't, planning for the next year.",BBC News - UK Politics
d4e8d309dfb51673bfebc6cc0812038a,0,"Why is kosher food soaring in popularity?. Sales of kosher accredited food is booming around the world, with more and more firms getting in on act.",BBC News - Business
d64dc4dd53aabc9f2281c7ad199ca388,0,Our Planet Matters: Climate change explained. It's been linked to a year of extremes – from bushfires to torrential rains – but what is it?,BBC News - Science & Environment
d6bc8c7a5f1bef8b31710a29199de422,1,"The man who got rich on data - years before Google. Often called the ""new oil"", data is immensely valuable - but only if processed in the right way.",BBC News - Technology
d6d1c8f00eb2d01d2bd98a90cf8c720d,1,Erasmus: What could happen to scheme after Brexit?. What could Brexit mean for current and future participants in the Erasmus scheme?,['BBC News - Family & Education' 'BBC News - UK Politics']
d78136896ceed8217ccc20e08d8d69c9,1,"Labour leadership: Lisa Nandy on student fees, the NHS, Trident and tax. The BBC's Andrew Neil quizzes Lisa Nandy on university tuition fees, Trident and the NHS.",BBC News - UK Politics
d7f98ae50187f23f0db81ea4cee73ba2,0,"Climate change: What can I do about it and other questions. From population to plants, your questions answered about climate change.",['BBC News - Home' 'BBC News - Science & Environment']
d85f762de5f8f17185a9dd54d21ef7b5,0,The Indian small-town shop owner who became a TikTok star. Sumit Jain from India has discovered TikTok fame thanks to his singing and dancing skills.,BBC News - Technology
d9238c7c801ffa85a962c9680e2fc960,1,A snapshot of what it’s like to be autistic or dyspraxic. Exceptional Individuals is showing employers how to make their work environment neurodiverse friendly.,BBC News - Health
d9d5164848ff83821bf890681050faff,0,"Egyptian mummy at Cambridge college needs more visitors. Hermione, a 2,000-year-old Egyptian mummy, is not getting enough visitors, a Cambridge college says.",BBC News - Family & Education
da24d26a007e60536aeedca1bf1509fa,0,"Love Island winner sets sights on Olympics. From winning Love Island to helping make Irish rugby history, 2019 was a whirlwind year for Greg O'Shea, who now has his sights set on the Olympic Games.",BBC News - Entertainment & Arts
dab73dfc51321949340125ef1a9e209d,0,"Ukraine audiotape row: President rejects PM's offer to quit. President Zelensky gives PM Oleksiy Honcharuk ""a chance"" to stay, despite his reported mockery.",BBC News - World
dbadbf093d9a1d6f9d638754725d0841,2,Fake drugs: How bad is Africa’s counterfeit medicine problem?. Seven African countries are meeting in Togo to tackle the issue of fake drugs.,['BBC News - Health' 'BBC News - World']
ddebe7e37b368eacb9fca215c4cfa11b,0,Flybe confirms it will get a tax and duty holiday. But the struggling airline says the debt with tax authorities is far lower than reported.,BBC News - Business
de6958312ef4f0efd0af5f6b6dafd2bb,0,Writing a ‘national anthem' for Mars. A former software analyst and rising opera star has penned a song for the Red Planet.,BBC News - Science & Environment
e0688f5c1fad0625c78f65581a201230,0,UFC 246: Conor McGregor v Donald 'Cowboy' Cerrone - all you need to know. Everything you need to know about Conor McGregor's return to the octagon against Donald 'Cowboy' Cerrone at UFC 246 in Las Vegas this weekend.,BBC News - Home
e1cb5a2fd257aedb82062416f43966ca,0,Carlos Ghosn's lawyers hit back at Nissan fraud claims. The fugitive businessman's defence team say Nissan's investigation is biased and designed to smear him.,BBC News - Business
e2dfeec05f9463fb40ae53a03d0c49ef,0,"Free breakfasts for poorer pupils in Wales. From September, a pilot scheme will provide extra money to Year 7 children on free school meals.",BBC News - Family & Education
e3cb15c30cd0b2ca535bf5b411ee28f5,0,"Eczema, acne and skin-picking: 'More mental health help needed'. More importance needs to be placed on the psychological effects of skin conditions, a charity says.",BBC News - Health
e3d082e952e141d6813abd59c52d5c6a,0,Pope and Stokes centuries put England on top against South Africa. Ollie Pope scores his first Test century and Ben Stokes 120 to put England in a dominant position on day two of the third Test against South Africa.,BBC News - Home
e3ffc59c2fd7baf99c94edf626c572e2,0,"Manchester mayor criticises Eminem for rap about Ariana Grande gig bomb. Andy Burnham calls the rap about the 2017 attack ""unnecessarily hurtful and deeply disrespectful"".",BBC News - Entertainment & Arts
e40efa0d691ceaccf6bdb8040cf8d1a6,0,"Conner Marshall inquest: Killer's probation worker was 'overwhelmed'. Conner Marshall was killed in an unprovoked attack by David Braddon, who was on probation.",['BBC News - Home' 'BBC News - UK']
e4566e9bef272bd0dab80bd03304a549,0,Spotify's personalised playlist for pets and other news. BBC Click's Paul Carter looks at some of the best of the week's technology news.,BBC News - Technology
e4942c681ef7b90323e73a6a59376a94,0,"Northern England's disused mills 'at risk'. A quarter of northern England's 2,000 disused mills are at risk, says Historic England.",BBC News - Business
e4b1c9cc99a9763f8e723d081ea079e3,0,The accidental Singer sewing machine revolution. A device that changed women's lives was originally intended to make one man rich.,BBC News - Business
e4c1017ae55bd6dee42e6400daca01b4,0,Whirlpool: Owners rush to register fire-risk washing machines. Thousands more owners of dangerous washing machines demand a resolution from maker Whirlpool.,BBC News - Business
e4f56448511e7bd3a1184beda3de79dd,0,Microsoft ends Windows 7 support: What should you do?. The 10-year-old operating system will stop receiving updates from Tuesday.,BBC News - Technology
e675e61b26ebe3ed08c92df71f115a56,0,Agriculture Bill: Soil at heart of UK farm grant revolution. Soil protection will be a core issue as the Agriculture Bill returns to Parliament later.,BBC News - Science & Environment
e90bcd73d9a0731ad7f33b1d6f8a1597,0,"Fundraising to communicate with our daughter. Provision of sign language courses for parents of deaf children is found to be ""patchy"".",BBC News - Health
ea7e96eb2a076e528258dce5e292bd19,0,Girlsdoporn offline after losing legal battle. The site owners were ordered to pay $12.8m in damages to 22 women who appeared in videos it published.,BBC News - Technology
eca35a0c57e39c2ed254ab4a7e7f25d8,0,"Wiggles singer Greg Page has cardiac arrest at bushfire relief show. Greg Page, a founder and original lead singer of the children's group, collapsed in Sydney.",['BBC News - Entertainment & Arts' 'BBC News - Home' 'BBC News - World']
ecd46cf4f16e5a1d7f7ef57d7cc7c412,0,"CES 2020: Cyrcle Phone is round and has two headphone jacks. After five years in development, the makers of a circular phone say it is nearly ready for launch.",BBC News - Technology
ede253dfb006bab60e741c8b8d5adb23,0,David Bowie: Unseen footage released by De Montfort University. The footage shot in 1998 was to create a holographic artwork on David Bowie's album Hours.,BBC News - Entertainment & Arts
f4c85908625d86acb6e731d57871a045,0,Gatwick hoaxer jailed for causing bomb scare on his own flight. Rashidul Islam was jailed for 16 months for trying to delay a flight he feared he would miss.,BBC News - UK
f58971b71f27d6f94a9108efdc77f83f,1,Portrait of a Lady: Painting found in wall confirmed as stolen Klimt. Portrait of a Lady was missing for 22 years until gardeners cleared ivy from a gallery wall.,['BBC News - Home' 'BBC News - World']
f5a545f5209cdd7679b60165b284f194,0,Andrew Yang's wife says gynaecologist sexually assaulted her. Evelyn Yang is one of 31 women suing a gynaecologist over allegations of sexual assault.,BBC News - World
f5c750f8b5760e4837716cb74b75b5a5,0,Newcastle children talk mental health thanks to puppets. The show is touring schools and is being used to spot early signs of issues.,['BBC News - Entertainment & Arts' 'BBC News - Health']
f68d473205a3fb450d41247ae0997651,0,"This is what a million pound coin looks like. An extremely rare Edward VIII sovereign has been sold for £1m, the most expensive UK coin ever sold.",BBC News - Business
f881c385082a67b92f0229737a511985,1,"Climate change: Extinction Rebellion end blockade at Shell's Aberdeen HQ. Extinction Rebellion staged a 13-hour protest at the base in Altens ""to hold Shell to account"".",BBC News - Business
fa48614986378944380ac155947c3812,1,"Can Microsoft's 'moonshot' carbon goal succeed?. The tech giant admits its ""carbon negative"" goal is ambitious.",['BBC News - Home' 'BBC News - Technology' 'BBC News - World']
fb9e57264bb68292fac0b77cb7dfed57,1,Scotland bid to regulate beauty filler industry. A new licensing scheme will target non-healthcare professionals who carry out work such as lip enhancements.,BBC News - Health
fc85bc432b5a74d87f1b790640354cb6,0,'My sister died after taking a line of cocaine'. Research for the BBC by NHS Digital shows a huge rise in mental and physical illness linked to cocaine.,BBC News - Health
fe92832df7254bcdf7fc8ab624972817,0,Nadia Whittome: Youngest MP had been looking for temp work. New Nottingham East MP Nadia Whittome is the Baby of the House at 23.,BBC News - UK Politics
ff6440526a274f14a7a4fdff49628164,0,Civil service: Is Dominic Cummings right about turnover?. Dominic Cummings says there is too much switching in the civil service. Is he right?,BBC News - UK Politics
ff6ef9ed32856bbfce0711fc04589f35,0,CEO Secrets: Vegan ice cream entrepreneur shares her advice. Cecily Mills explains how moving back to her parents' house provided her business breakthrough.,BBC News - Business
ff8bf289dcc730cfea387278269d4080,0,The challenges of developing 5G networks in Africa. There are considerable challenges to developing reliable 5G networks across Africa.,BBC News - Technology
